{"cameraMode":{"drawMode":0,"name":"Shaded","section":"Shading Mode"},"sceneLighting":false,"audioPlay":false,"sceneViewState":{"m_AlwaysRefresh":false,"showFog":true,"showSkybox":false,"showFlares":true,"showImageEffects":true,"showParticleSystems":true,"showVisualEffectGraphs":true,"m_FxEnabled":true},"in2DMode":false,"pivot":{"x":1.1115689277648926,"y":0.16335320472717286,"z":-1.2190628051757813},"rotation":{"x":0.04909506067633629,"y":0.9452524185180664,"z":-0.1699383705854416,"w":0.27454128861427309},"size":2.7335317134857179,"orthographic":false}